start,end,label,pred,obs
0.0,0.601,Forskare,0.97223336,
0.681,0.801,vid,0.30217803,
0.861,1.341,Sveriges,0.7813917,
1.441,2.783,lantbruksuniversitet,0.7986669,
2.803,2.883,har,0.19753623,
2.923,3.123,tagit,0.18760043,
3.183,3.363,fram,0.28857255,
3.403,3.524,ett,0.16114505,
3.604,3.824,nytt,0.7003245,
3.844,3.944,och,0.29417324,
3.984,4.364,hållbart,0.45614666,
4.445,5.165,"fiskfoder,",1.019951,
5.205,5.666,rapporterar,0.36562866,
5.706,6.827,Vetenskapsradion.,0.5526932,
