start,end,label,pred,obs
0.922,1.161,Jag,0.22615707,
1.181,1.362,kommer,0.16897537,
1.402,1.735,ihåg,0.83169556,
1.802,1.918,att,0.3207444,
2.088,2.263,när,0.17698866,
2.303,2.383,vi,0.10561827,
2.423,2.563,hade,0.162706,
2.643,3.084,skördat,0.9795549,
3.104,3.221,på,0.23947498,
3.269,3.844,"hösten,",0.594763,
4.485,4.826,tagit,0.20793301,
4.846,4.886,in,0.14686573,
4.966,5.306,spannmål,0.6131542,
5.326,5.386,och,0.21208572,
5.406,5.566,sånt,0.18657637,
5.586,5.769,där.,0.36753762,
